"Category","RGS","AC","PValue","Bonferroni"
"Unknown",1592,5830,4.12294534406213e-50,1.56259628539955e-47
"Unknown: regulated by multiple stresses",594,2248,8.95605326006159e-20,3.39434418556334e-17
"Transmembrane protein: other",98,308,1.45438950626986e-07,5.51213622876277e-05
