"Category","RGS","AC","PValue","Bonferroni"
"Transmembrane protein",840,1793,4.82740989304359e-124,1.54477116577395e-122
"Proteolysis proteasome",344,738,2.78966730738836e-54,8.92693538364275e-53
"Unknown",1927,8160,4.08357466302069e-48,1.30674389216662e-46
"Stress response",283,810,2.44311981242739e-28,7.81798339976765e-27
"Transcription factor",189,581,3.66319836748784e-17,1.17222347759611e-15
"Protein modification",74,267,1.12406118522003e-05,0.00035969957927041
