"Category","RGS","AC","PValue","Bonferroni"
"Transmembrane protein: seven transmembrane receptor",802,1461,1.20127851518427e-146,2.17431411248353e-144
"Proteolysis proteasome: E3",317,598,1.8900905690112e-59,3.42106392991027e-57
"Unknown",1927,8160,4.08357466302069e-48,7.39127014006745e-46
"Transcription factor: NHR",145,259,1.6907042238536e-30,3.06017464517502e-28
"Stress response: C-type Lectin",124,257,3.85391368409682e-22,6.97558376821524e-20
"Protein modification: carbohydrate",54,127,4.32732684838161e-09,7.83246159557071e-07
"Stress response: detoxification",56,151,9.79862066261843e-08,1.77355033993394e-05
"Transmembrane transport: potassium channel",43,121,6.5124870995226e-06,0.00117876016501359
"Extracellular Material: chondroitin sulfotransferase",17,27,2.16633052481431e-05,0.0039210582499139
